{
  "hash": "72252034",
  "configHash": "cfb4d722",
  "lockfileHash": "5a50a5be",
  "browserHash": "931e387c",
  "optimized": {
    "react/jsx-dev-runtime": {
      "src": "../../node_modules/react/jsx-dev-runtime.js",
      "file": "react_jsx-dev-runtime.js",
      "fileHash": "1c2763ed",
      "needsInterop": true
    },
    "react": {
      "src": "../../node_modules/react/index.js",
      "file": "react.js",
      "fileHash": "b2f742fd",
      "needsInterop": true
    },
    "react-dom/client": {
      "src": "../../node_modules/react-dom/client.js",
      "file": "react-dom_client.js",
      "fileHash": "6fec6570",
      "needsInterop": true
    },
    "react-router-dom": {
      "src": "../../node_modules/react-router-dom/dist/index.mjs",
      "file": "react-router-dom.js",
      "fileHash": "a4861d33",
      "needsInterop": false
    }
  },
  "chunks": {
    "chunk-K5LUDHM4": {
      "file": "chunk-K5LUDHM4.js"
    },
    "chunk-6JKWCWVM": {
      "file": "chunk-6JKWCWVM.js"
    }
  }
}